Property ID,Block_Lot,Property Name,Owner Organization Name,Owner Company Type,Address 1,Address 2,City,State,Zip Code,County,Total Subsidized Units,Number of Residents,Contract #1,#1 Program Type and Status,#1 Assisted Units,#1 Overall Expiration Date,#1 Section Current Expiration Date,Contract #2,#2 Program Type and Status,#2 Assisted Units,#2 Overall Expiration Date,#2 Section Current Expiration Date,Contract #3,#3 Program Type and Status,#3 Assisted Units,#3 Overall Expiration Date,#3 Section Current Expiration Date,Contract #4,#4 Program Type and Status,#4 Assisted Units,#4 Overall Expiration Date,#4 Section Current Expiration Date,Additional Contracts Not Shown,Earliest Active Contract Expiration Date,% Occupied,Household Size,Avg Household Income,Avg Household Rental Contribution,Avg Federal Spending per Unit,Household Income as Percent of AMI,% Households Extremely Low Income,% Disabled Residents,% Senior-headed Households,Unit Type,Physical Inspection Score,Health and Safety Violations,Smoke Detector,Physical Inspection Date,Physical Condition Category
800000988,0324 024,O'Farrell Towers,OFarrell Towers Associates LP,Non-Profit,477 OFARRELL ST,,SAN FRANCISCO,CA,94102,San Francisco,101,139,CA39A002002,"Other S8 New, Active",101,12/31/2035,12/31/2021,,,,,,,,,,,,,,,,,2035,99,1.4,14683,356,2075,12,99,5,100,100% 1BR,87,,,2/19/2020,Standard 2
800000994,6527 046,Abel Gonzalez,"MHDC Abel Gonzalez, LP",Profit Motivated,1045 CAPP ST,,SAN FRANCISCO,CA,94110,San Francisco,29,28,CA39T881013,"Sec. 202, Active",29,6/30/2039,6/30/2021,,,,,,,,,,,,,,,,,2039,94,1,13629,328,2302,11,100,14,96,100% 1BR,88,,,10/23/2018,Standard 2
800001010,0332 004,The Alexander Residence,AR Preservation LP,Profit Motivated,230 EDDY ST,,SAN FRANCISCO,CA,94102,San Francisco,178,198,CA39M000136,"S8 Loan Mgmt, Active",178,1/31/2031,1/31/2022,,,,,,,,,,,,,,,,,2031,99,1.1,12511,303,1352,10,100,22,91,100% 1BR,90,,,4/22/2019,Standard 1
800001011,,Alexis Apartments,St. Patrick's Parish,Non-Profit,390 CLEMENTINA ST,,SAN FRANCISCO,CA,94103,San Francisco,132,145,CA39M000169,"S8 Loan Mgmt, Active",132,8/31/2027,8/31/2021,,,,,,,,,,,,,,,,,2027,100,1.1,11864,285,2227,10,100,1,100,100% 1BR,96,,,11/16/2016,Standard 1
800001014,5321 051,ALL HALLOWS COMMUNITY,All Hallows Community,Non-Profit,1711 Oakdale Ave,,San Francisco,CA,94124,San Francisco,45,65,CA39T801010,"Sec. 202, Active",45,6/30/2029,6/30/2021,,,,,,,,,,,,,,,,,2029,97,1.4,15455,367,2264,12,100,8,98,100% 1BR,98,,,8/24/2018,Standard 1
800001015,4714 002,All Hallows Garden Apartments,"All Hallows Preservation, L.P.",Limited Dividend,65 Navy Rd,,San Francisco,CA,94124,San Francisco,150,325,CA39L000068,"S8 Loan Mgmt, Active",150,1/31/2026,1/31/2022,,,,,,,,,,,,,,,,,2026,97,2.3,22595,540,2729,16,82,12,28,"25% 1BR, 30% 2BR, 45% 3BR",76,,,5/14/2019,Standard 3
800001034,,Ammel Park Coop,Ammel Park Inc,Non-Profit,656 GROVE ST,,SAN FRANCISCO,CA,94102,San Francisco,95,133,CA39M000221,"S8 Loan Mgmt, Active",95,6/30/2024,6/30/2021,,,,,,,,,,,,,,,,,2024,59,2.2,21501,517,972,15,92,7,51,"30% 1BR, 28% 2BR, 43% 3BR",64,,,10/23/2019,Standard 3
800001046,0339 011A,ANTONIA MANOR,AM Preservation LP,Non-Profit,180 TURK ST,,SAN FRANCISCO,CA,94102,San Francisco,132,134,CA39M000135,"S8 Loan Mgmt, Active",132,1/31/2031,1/31/2022,,,,,,,,,,,,,,,,,2031,98,1.1,12255,296,1301,10,100,8,98,100% 1BR,79,,,5/17/2019,Standard 3
800001049,3588 050,Esperanza Apartments,"MHDC ESPERANZA-COLOSIMO, LP",Profit Motivated,3590 19TH STREET,,SAN FRANCISCO,CA,94110,San Francisco,39,53,CA39M000215,"S8 Loan Mgmt, Active",39,8/31/2034,8/31/2034,,,,,,,,,,,,,,,,,2034,96,1.3,15284,367,2277,12,98,17,90,100% 1BR,87,,,10/19/2018,Standard 2
800001063,,Turk Eddy Preservation,"Turk and Eddy Associates, L.P.",Non-Profit,165 TURK ST,,SAN FRANCISCO,CA,94102,San Francisco,82,107,CA39A003002,"Other S8 Rehab, Active",82,6/30/2039,6/30/2021,,,,,,,,,,,,,,,,,2039,97,1.3,13572,328,1960,11,99,11,96,100% 1BR,73,,,10/25/2019,Standard 3
800001075,,"Banneker Homes, Inc.","Banneker Homes Partners, L.P.",Profit Motivated,765-A FULTON ST,,SAN FRANCISCO,CA,94102,San Francisco,96,205,CA39M000152,"S8 Loan Mgmt, Active",96,1/31/2026,1/31/2022,,,,,,,,,,,,,,,,,2026,99,2.1,24415,570,4207,17,86,17,67,"13% 1BR, 28% 2BR, 59% 3BR",88,,,12/17/2018,Standard 2
800001084,0160 032,Bayside Elderly Housing,BAYSIDE ELDERLY HOUSING CORPORATION,Non-Profit,777 BROADWAY STREET,,SAN FRANCISCO,CA,94133,San Francisco,30,40,CA39T861024,"Sec. 202, Active",30,12/31/2030,12/31/2021,,,,,,,,,,,,,,,,,2030,99,1.3,14288,345,2368,11,97,0,100,100% 1BR,94,,,10/18/2018,Standard 1
800001085,4711 009,Bayview Apartments,"Bayview Preservation, L.P.",Limited Dividend,5 Commer Ct,,San Francisco,CA,94124,San Francisco,113,232,CA39L000070,"S8 Loan Mgmt, Active",113,1/31/2026,1/31/2022,,,,,,,,,,,,,,,,,2026,96,2.1,19518,464,2247,14,87,9,20,"27% 1BR, 30% 2BR, 43% 3BR",81,,,12/19/2018,Standard 2
800001101,,Betel Apartments,"MHDC BETEL, LP",Profit Motivated,1227 HAMPSHIRE ST,,SAN FRANCISCO,CA,94110,San Francisco,41,108,CA39M000390,"S8 Loan Mgmt, Active",41,7/31/2035,7/31/2035,,,,,,,,,,,,,,,,,2035,86,2.7,40043,980,2256,26,68,6,53,"58% 2BR, 43% 3BR",96,,,11/20/2017,Standard 1
800001105,3610 051,Bethany Center,Bethany Center Senior Housing Inc,Non-Profit,580 CAPP ST,,SAN FRANCISCO,CA,94110,San Francisco,123,155,CA39L000071,"S8 Loan Mgmt, Active",123,2/28/2037,2/28/2022,,,,,,,,,,,,,,,,,2037,100,1.2,13351,318,2446,11,100,39,94,100% 1BR,77,,,12/9/2015,Standard 3
800001138,,Buchanan Park Apartments,"Buchannan Park EAH, LP",Profit Motivated,1150 WEBSTER ST,,SAN FRANCISCO,CA,94115,San Francisco,62,135,CA39M000220,"S8 Loan Mgmt, Active",62,1/31/2035,1/31/2022,,,,,,,,,,,,,,,,,2035,95,2.3,22251,532,1315,15,90,8,57,"38% 1BR, 34% 2BR, 28% 3BR",85,,,8/30/2019,Standard 2
800001186,3616 062,Casa De La Raza,"CASA DE LA RAZA, INC.",Non-Profit,90 Bartlett ST,,SAN FRANCISCO,CA,94110,San Francisco,51,95,CA390085002,"Other S8 New, Active",51,7/31/2022,7/31/2021,,,,,,,,,,,,,,,,,2022,98,2,27392,673,1591,19,79,13,67,"13% 1BR, 67% 2BR, 21% 3BR",81,,,8/13/2019,Standard 2
800001195,7501 010,Casa De Vida,"Casa De Vida, A Limited Partnership",Profit Motivated,5157 DIAMOND HEIGHTS BLVD,,SAN FRANCISCO,CA,94131,San Francisco,21,21,CA390045011,"Other S8 New, Active",21,10/31/2032,10/31/2021,,,,,,,,,,,,,,,,,2032,94,1,13132,307,2488,11,100,95,57,100% 1BR,95,,,11/14/2019,Standard 1
800001240,3733 105,Ceatrice Polite Apartments,Ceatrice Polite Limited Partnership,Limited Dividend,321 CLEMENTINA ST,,SAN FRANCISCO,CA,94103,San Francisco,91,124,CA39T811021,"Sec. 202, Active",91,10/31/2026,10/31/2021,,,,,,,,,,,,,,,,,2026,98,1.4,14153,342,2437,11,100,6,99,100% 1BR,95,,,7/26/2018,Standard 1
800001306,,Colosimo Apartments,"MHDC ESPERANZA-COLOSIMO, LP",Profit Motivated,3290 25th street,,SAN FRANCISCO,CA,94110,San Francisco,11,29,CA390061001,"Other S8 New, Active",11,8/31/2034,8/31/2021,,,,,,,,,,,,,,,,,2034,100,2.6,31303,764,3070,22,91,7,45,100% 2BR,95,,,10/23/2018,Standard 1
800001352,,CRESCENT MANOR,"Crescent Manor Partners, LP",Profit Motivated,467 TURK ST,,SAN FRANCISCO,CA,94102,San Francisco,92,91,CA39M000142,"S8 Loan Mgmt, Active",92,4/30/2033,4/30/2021,,,,,,,,,,,,,,,,,2033,98,1,12498,303,1276,11,98,57,72,100% 1BR,81,,,8/6/2019,Standard 2
800001400,,Diamond View Apts,"DIAMOND VIEW RESIDENTS' ASSOCIATION, INC.",Non-Profit,296 ADDISON ST,,SAN FRANCISCO,CA,94131,San Francisco,43,66,CA39M000406,"S8 Preservation, Active",43,3/31/2026,3/31/2021,,,,,,,,,,,,,,,,,2026,86,1.9,31959,754,1491,23,66,15,43,"63% 2BR, 37% 3BR",87,,,6/21/2019,Standard 2
800001413,0349 009,Dorothy Day Community,"Mercy Housing California 75, LP",Profit Motivated,54 MCALLISTER ST,,SAN FRANCISCO,CA,94102,San Francisco,100,132,CA39T821021,"Sec. 202, Active",100,5/31/2038,5/31/2021,,,,,,,,,,,,,,,,,2038,95,1.3,14328,340,2606,11,100,5,99,100% 1BR,87,,,1/16/2020,Standard 2
800001436,0742 014,Eastern Park Apts,"Eastern Park Apartments, L.P.",Profit Motivated,711 EDDY ST,,SAN FRANCISCO,CA,94109,San Francisco,201,223,CA390309201,"Sec. 202, Active",201,4/30/2039,4/30/2021,,,,,,,,,,,,,,,,,2039,89,1.3,13715,328,2584,11,100,2,99,100% 1BR,72,,,10/29/2018,Standard 3
800001440,,Eddy Street Apartments,Eddy Street Apartments,Non-Profit,1096 EDDY ST,,SAN FRANCISCO,CA,94109,San Francisco,20,20,CA39Q911005,"PRAC 202/811, Active",20,3/31/2022,3/31/2021,,,,,,,,,,,,,,,,,2022,100,1,14532,353,290,12,95,100,45,100% 1BR,88,,,11/2/2016,Standard 2
800001444,,EL BETHEL ARMS,El Bethel Arms Inc,Non-Profit,1355 GOLDEN GATE AVENUE,,SAN FRANCISCO,CA,94115,San Francisco,255,313,CA39M000178,"S8 Loan Mgmt, Active",255,7/31/2038,7/31/2021,,,,,,,,,,,,,,,,,2038,97,1.2,14539,345,2516,12,99,3,100,"96% 1BR, 4% 2BR",64,,,2/7/2018,Standard 3
800001445,,EL BETHEL TERRACE,El Bethel Terrace Inc,Non-Profit,1099 FILLMORE ST,,SAN FRANCISCO,CA,94115,San Francisco,100,136,CA39T801009,"Sec. 202, Active",100,7/31/2029,7/31/2021,,,,,,,,,,,,,,,,,2029,98,1.3,14703,349,2785,12,99,14,98,100% 1BR,93,,,12/12/2019,Standard 1
800001483,0843 020,Fair Oaks Apartments,"FAIR OAKS APARTMENTS, LIMITED PARTNERSHIP",Profit Motivated,799 OAK ST,,SAN FRANCISCO,CA,94117,San Francisco,20,44,CA39H113067,"S8 State Agency, Active",20,7/20/2021,7/20/2021,,,,,,,,,,,,,,,,,2021,99,2.1,21872,532,1419,15,86,5,43,"24% 1BR, 57% 2BR, 19% 3BR",85,,,5/4/2018,Standard 2
800001504,0773 030,Fellowship Manor,Fellowship Manor of Bethel A.M.E Church,Non-Profit,1201 GOLDEN GATE AVE,,SAN FRANCISCO,CA,94115,San Francisco,105,118,CA391335201,"Sec. 202, Active",105,10/31/2039,10/31/2021,,,,,,,,,,,,,,,,,2039,98,1.1,13378,317,2152,11,99,19,88,100% 1BR,97,,,12/18/2015,Standard 1
800001533,3533 037,Francis of Assisi,Mercy Housing California 69 LP,Profit Motivated,145 GUERRERO ST,,SAN FRANCISCO,CA,94103,San Francisco,110,143,CA391338201,"Sec. 202, Active",110,10/31/2036,10/31/2021,,,,,,,,,,,,,,,,,2036,96,1.3,15328,360,3112,12,96,4,98,100% 1BR,97,,,10/10/2018,Standard 1
800001538,0771 025,Frederick Douglas Haynes,FD Haynes Apartments LP,Profit Motivated,1049 GOLDEN GATE AVE,,SAN FRANCISCO,CA,94115,San Francisco,84,107,CA39M000246,"S8 Loan Mgmt, Active",84,6/30/2040,6/30/2040,,,,,,,,,,,,,,,,,2040,60,2.1,22828,552,1499,17,88,10,48,"30% 1BR, 42% 2BR, 28% 3BR",80,,,6/13/2019,Standard 2
800001547,,Friendship Village One,"FRIENDSHIP VILLAGE, INC.",Non-Profit,40 Friendship Way,,SAN FRANCISCO,CA,94117,San Francisco,68,114,CA39M000197,"S8 Loan Mgmt, Active",68,5/31/2024,5/31/2021,,,,,,,,,,,,,,,,,2024,70,2.2,20848,500,923,15,90,9,39,"41% 1BR, 27% 2BR, 31% 3BR",86,,,10/30/2019,Standard 2
800001548,,Friendship Village Two,"FRIENDSHIP VILLAGE, INC.",Non-Profit,40 Friendship Way,,SAN FRANCISCO,CA,94117,San Francisco,90,135,CA39M000185,"S8 Loan Mgmt, Active",90,5/31/2024,5/31/2021,,,,,,,,,,,,,,,,,2024,71,2,18070,438,830,13,92,12,33,"58% 1BR, 23% 2BR, 20% 3BR",85,,,8/4/2016,Standard 2
800001569,,Glenridge Apartments,GLENRIDGE APARTMENTS RESIDENTS COUNCIL INC.,Non-Profit,137 ADDISON ST,,SAN FRANCISCO,CA,94131,San Francisco,209,297,CA39L000124,"S8 Loan Mgmt, Active",209,3/31/2036,3/31/2021,,,,,,,,,,,,,,,,,2036,82,1.7,22740,536,1034,17,88,15,58,"27% 1BR, 37% 2BR, 36% 3BR",91,,,9/23/2015,Standard 1
800001575,0684 045,GOLDEN GATE APARTMENTS,GGA 1820 Post LP,Profit Motivated,1820 POST STREET,,SAN FRANCISCO,CA,94115,San Francisco,24,38,CA39M000249,"S8 Loan Mgmt, Active",24,7/31/2035,7/31/2021,,,,,,,,,,,,,,,,,2035,85,1.7,19569,456,1160,15,86,42,55,"50% 1BR, 32% 2BR, 18% 3BR",93,,,6/12/2017,Standard 1
800001712,4720 005,JACKIE ROBINSON GARDENS,1340 Hudson Avenue L.P.,Limited Dividend,1340 HUDSON AVE,,SAN FRANCISCO,CA,94124,San Francisco,130,267,CA39M000146,"S8 Loan Mgmt, Active",130,12/31/2022,12/31/2021,,,,,,,,,,,,,,,,,2022,91,2.2,24620,580,2653,18,80,4,20,"28% 1BR, 29% 2BR, 43% 3BR",86,,,11/8/2018,Standard 2
800001728,0702 038,Jones Memorial Homes I,"JONES MEMORIAL HOMES, INC.",Non-Profit,1640 STEINER ST,,SAN FRANCISCO,CA,94115,San Francisco,32,35,CA39M000266,"S8 Loan Mgmt, Active",32,6/30/2031,6/30/2021,,,,,,,,,,,,,,,,,2031,93,1.1,13005,311,2345,10,100,3,91,100% 1BR,78,,,8/20/2018,Standard 3
800001729,,Jones Memorial Homes II,"JONES MEMORIAL HOMES, INC.",Non-Profit,1950 POST ST,,SAN FRANCISCO,CA,94115,San Francisco,101,116,CA39M000204,"S8 Loan Mgmt, Active",101,6/30/2031,6/30/2021,,,,,,,,,,,,,,,,,2031,96,1.2,15989,383,2095,13,97,3,100,100% 1BR,82,,,12/17/2015,Standard 2
800001730,0683 034,Jones Senior Homes,JONES SENIOR HOMES INC.,Non-Profit,1727 FILLMORE ST,,SAN FRANCISCO,CA,94115,San Francisco,51,57,CA39T801002,"Sec. 202, Active",51,8/31/2034,8/31/2021,,,,,,,,,,,,,,,,,2034,93,1.2,16031,379,2226,13,98,4,100,100% 1BR,89,,,1/23/2019,Standard 2
800001737,0780 036,Junipero Serra House,"Junipero Serra, LP",Profit Motivated,926 FILLMORE ST,,SAN FRANCISCO,CA,94117,San Francisco,24,28,CA39T851017,"Sec. 202, Active",24,4/30/2029,4/30/2021,,,,,,,,,,,,,,,,,2029,94,1.2,17653,416,2611,14,91,61,48,100% 1BR,96,,,10/31/2018,Standard 1
800001783,,La Salle Apartments,"La Salle Preservation, L.P.",Profit Motivated,"30 WHITFIELD CT, STE 1",,SAN FRANCISCO,CA,94124,San Francisco,145,304,CA390015001,"Other S8 New, Active",145,1/31/2026,1/31/2022,,,,,,,,,,,,,,,,,2026,94,2.2,22773,523,2484,16,82,11,20,"25% 1BR, 45% 2BR, 31% 3BR",75,,,5/15/2019,Standard 3
800001825,0333 020,Lassen Apartments,"Lassen Housing Assoicates, L.P., a California Limi",Profit Motivated,441 ELLIS ST,,SAN FRANCISCO,CA,94102,San Francisco,81,106,CA39A003001,"Other S8 Rehab, Active",81,12/31/2033,12/31/2021,,,,,,,,,,,,,,,,,2033,99,1.3,13689,332,2767,11,100,4,98,100% 1BR,92,,,2/20/2019,Standard 1
800001829,0754 028,Laurel Gardens Apartments,"Laurel Gardens of Bethel A.M.E. Church, Inc., a Ca",Limited Dividend,1555 Turk St,,San Francisco,CA,94115,San Francisco,51,95,CA39M000254,"S8 Loan Mgmt, Active",51,5/31/2036,5/31/2036,,,,,,,,,,,,,,,,,2036,99,1.9,27400,659,3259,20,71,9,45,"24% 1BR, 47% 2BR, 29% 3BR",96,,,8/15/2019,Standard 1
800001839,,Leland Apartments,TODCO/YBC 4,Non-Profit,980 HOWARD ST,,SAN FRANCISCO,CA,94103,San Francisco,24,34,CA39Q931003,"PRAC 202/811, Active",24,6/30/2021,6/30/2021,,,,,,,,,,,,,,,,,2021,98,1.5,18017,437,1106,14,95,56,73,100% 2BR,88,,,2/16/2018,Standard 2
800001872,,Loren Miller Homes,"LOREN MILLER HOMES, INC.",Non-Profit,"950 BUCHANAN, BLDG #2 ST",,SAN FRANCISCO,CA,94102,San Francisco,26,48,CA39L000269,"S8 Loan Mgmt, Active",26,9/30/2026,9/30/2021,,,,,,,,,,,,,,,,,2026,68,2.4,22402,525,4300,15,100,6,50,"20% 1BR, 30% 2BR, 50% 3BR",92,,,9/13/2018,Standard 1
800001908,0326 010,Maria Manor,"MM  Preservation, L.P., c/o Tenderloin Neighborhood Development Corporation",Non-Profit,174 Ellis St,,San Francisco,CA,94102,San Francisco,118,128,CA39M000143,"S8 Loan Mgmt, Active",118,1/31/2031,1/31/2022,,,,,,,,,,,,,,,,,2031,100,1.1,11899,286,1833,10,100,10,98,100% 1BR,98,,,11/17/2017,Standard 1
800001916,,Mariposa Gardens Apartments,"MHDC MARIPOSA GARDENS, LLC",Non-Profit,2445 Mariposa Street,,SAN FRANCISCO,CA,94110,San Francisco,62,150,CA390061016,"Other S8 New, Active",62,9/18/2024,7/18/2021,,,,,,,,,,,,,,,,,2024,100,2.4,29361,716,3381,20,78,16,44,"8% 1BR, 49% 2BR, 43% 3BR",95,,,1/15/2019,Standard 1
800001921,0339 014,Marlton Manor,Marlton Affordable Housing Associates,Profit Motivated,240 JONES ST,,SAN FRANCISCO,CA,94102,San Francisco,150,133,CA39M000182,"S8 Loan Mgmt, Active",150,8/31/2031,8/31/2021,,,,,,,,,,,,,,,,,2031,84,1,13160,319,1426,11,98,25,87,100% 1BR,64,,,12/10/2019,Standard 3
800001951,0243 058,Mei Lun Yuen,"MEI LUN YUEN, INC.",Non-Profit,945 SACRAMENTO ST,,SAN FRANCISCO,CA,94108,San Francisco,185,312,CA39M000214,"S8 Loan Mgmt, Active",185,5/31/2034,5/31/2021,,,,,,,,,,,,,,,,,2034,98,1.7,21116,515,3158,15,92,0,95,"83% 1BR, 17% 3BR",94,,,12/5/2019,Standard 1
800001956,1021 030,MENORAH PARK,"MENORAH PARK, A CA NON-PROFIT CORPORATION",Non-Profit,3365 SACRAMENTO ST,,SAN FRANCISCO,CA,94118,San Francisco,151,188,CA392162201,"Sec. 202, Active",151,10/31/2036,10/31/2021,,,,,,,,,,,,,,,,,2036,98,1.3,15616,371,2668,12,97,3,99,100% 1BR,81,,,12/20/2018,Standard 2
800001965,,MERCY TERRACE,Mercy Terrace LLC,Profit Motivated,333 BAKER ST,,SAN FRANCISCO,CA,94117,San Francisco,158,218,CA390045006,"Other S8 Rehab, Active",158,11/30/2034,11/30/2021,,,,,,,,,,,,,,,,,2034,98,1.4,14210,340,2363,11,100,4,100,100% 1BR,95,,,11/5/2019,Standard 1
800001988,,Mission Plaza Apartments,"Mission Plaza Apartments, Limited Partnership",Profit Motivated,2027 MISSION ST,,SAN FRANCISCO,CA,94110,San Francisco,132,211,CA390027017,"Other S8 New, Active",132,8/31/2025,8/31/2021,,,,,,,,,,,,,,,,,2025,96,1.5,20079,490,2714,15,91,12,83,"77% 1BR, 23% 2BR",92,,,6/6/2017,Standard 1
800001993,0730 044,Martin Luther King/Marcus Garvey Square,"MARTIN LUTHER KING-MARCUS GARVEY SQUARE , INC.",Non-Profit,1680 EDDY ST,,SAN FRANCISCO,CA,94115,San Francisco,211,445,CA390030001,"Other S8 Rehab, Active",211,11/30/2029,11/30/2021,,,,,,,,,,,,,,,,,2029,94,2.2,27037,646,3725,19,83,6,63,"29% 1BR, 28% 2BR, 43% 3BR",87,,,2/24/2020,Standard 2
800001997,2693 005,Monsignor Lyne Community,"Monsignor Lyne, LP",Profit Motivated,118 DIAMOND ST,,SAN FRANCISCO,CA,94114,San Francisco,19,23,CA39T861023,"Sec. 202, Active",19,3/31/2030,3/31/2021,,,,,,,,,,,,,,,,,2030,100,1.3,14593,352,3333,11,100,9,100,100% 1BR,98,,,11/9/2016,Standard 1
800002024,0675 049,Namiki Apts,Namiki Apartments Limited Partnership,Profit Motivated,1776 SUTTER ST,,SAN FRANCISCO,CA,94115,San Francisco,33,44,CA390010003,"Other S8 New, Active",33,12/31/2030,12/31/2021,,,,,,,,,,,,,,,,,2030,98,1.4,15862,381,2682,12,100,0,100,"97% 1BR, 3% 2BR",82,,,8/8/2019,Standard 2
800002053,,Nihonmachi Terrace,Nihonmachi Terrace Limited Partnership,Profit Motivated,1615 SUTTER ST,,SAN FRANCISCO,CA,94109,San Francisco,120,141,CA39M000177,"S8 Loan Mgmt, Active",120,8/31/2029,8/31/2021,,,,,,,,,,,,,,,,,2029,94,1.2,15088,352,2713,12,97,15,97,"87% 1BR, 8% 2BR, 5% 3BR",97,,,12/4/2018,Standard 1
800002067,,Northridge Coop Homes,"NORTHRIDGE COOPERATIVE HOMES, INC.",Non-Profit,1 Ardath CT,,SAN FRANCISCO,CA,94124,San Francisco,300,641,CA390071004,"Other S8 New, Active",300,3/31/2029,3/31/2021,,,,,,,,,,,,,,,,,2029,95,2.3,30063,680,3239,21,76,12,32,"19% 1BR, 41% 2BR, 41% 3BR",83,,,5/23/2019,Standard 2
800002072,0571 005,NOTRE DAME APARTMENTS,Chinatown Community Development Center Inc,Non-Profit,1590 Broadway,,SAN FRANCISCO,CA,94109,San Francisco,191,259,CA39M000255,"S8 Loan Mgmt, Active",191,5/31/2031,5/31/2021,,,,,,,,,,,,,,,,,2031,98,1.4,14397,350,2183,11,100,3,98,100% 1BR,93,,,5/31/2017,Standard 1
800002084,,Ocean Beach Apartments,"OCEAN BEACH APARTMENTS, LP",Profit Motivated,740 LA PLAYA STREET,,SAN FRANCISCO,CA,94121,San Francisco,85,143,CA390071002,"Other S8 New, Active",85,9/30/2026,9/30/2021,,,,,,,,,,,,,,,,,2026,98,1.6,23093,559,2779,17,85,12,83,"33% 1BR, 65% 2BR, 2% 3BR",94,,,4/17/2018,Standard 1
800002096,0148 002,On Lok House,"On Lok House, Inc.",Non-Profit,1441 Powell Street,,SAN FRANCISCO,CA,94109,San Francisco,54,71,CA390334201,"Sec. 202, Active",54,7/31/2035,7/31/2021,,,,,,,,,,,,,,,,,2035,128,1.1,12040,283,1142,10,100,1,100,100% 1BR,48,,,12/6/2019,Standard 3
800002119,0338 001A,Padre Apts,Padre Apartments Community,Non-Profit,241 JONES ST,,SAN FRANCISCO,CA,94102,San Francisco,41,63,CA39A001002,"S8 State Agency, Active",41,7/30/2021,7/30/2021,,,,,,,,,,,,,,,,,2021,97,1.5,14354,348,1490,11,100,10,100,100% 1BR,77,,,8/9/2019,Standard 3
800002120,,Page/Holloway Apartments,ROBERT BECKER,Profit Motivated,992 Page St,,San Francisco,CA,94117,San Francisco,,,CA390061008,"Other S8 Rehab, Expired",15,2/3/2021,2/3/2021,,,,,,,,,,,,,,,,,Insufficient Data,,,,,,,,,,,74,,,8/9/2018,Standard 3
800002149,,Park Sunset,"Park Sunset Community Partners, LP",Profit Motivated,1353 Seventh AVE,,SAN FRANCISCO,CA,94122,San Francisco,29,39,CA39L000077,"S8 Loan Mgmt, Active",29,10/31/2035,10/31/2021,,,,,,,,,,,,,,,,,2035,98,1.3,14017,339,2565,11,100,0,100,100% 1BR,97,,,9/16/2019,Standard 1
800002200,0158 042,Lady Shaw Senior Center,PINE VIEW HOUSING CORPORATION,Non-Profit,1483 MASON ST,,SAN FRANCISCO,CA,94133,San Francisco,69,77,CA39T841017,"Sec. 202, Active",69,10/17/2030,10/31/2021,,,,,,,,,,,,,,,,,2030,99,1.1,11801,285,1300,10,100,3,100,100% 1BR,67,,,2/18/2020,Standard 3
800002248,0933 010,Presidio Gate,Presido Gate Apartments Inc,Non-Profit,2770 LOMBARD ST,,SAN FRANCISCO,CA,94123,San Francisco,55,68,CA39T821015,"Sec. 202, Active",54,9/30/2033,9/30/2021,,,,,,,,,,,,,,,,,2033,99,1.3,14712,342,1727,12,100,12,98,100% 1BR,89,,,6/29/2017,Standard 2
800002251,,Prince Hall Apartments,"Allen Community Housing Initiative, LLC",Non-Profit,1170 McAllister St,,San Francisco,CA,94115,San Francisco,92,155,CA39M000180,"S8 Loan Mgmt, Active",92,7/31/2031,7/31/2021,,,,,,,,,,,,,,,,,2031,92,1.8,23439,560,1683,17,87,13,53,"45% 1BR, 26% 2BR, 29% 3BR",63,,,2/21/2020,Standard 3
800002313,4710 001,RIDGEVIEW TERRACE,"140 Cashmere Street, L.P.",Profit Motivated,140 CASHMERE ST,,SAN FRANCISCO,CA,94124,San Francisco,100,169,CA39M000244,"S8 Loan Mgmt, Active",100,10/31/2032,10/31/2021,,,,,,,,,,,,,,,,,2032,98,1.7,23136,525,2356,18,80,19,44,"49% 1BR, 27% 2BR, 25% 3BR",90,,,5/1/2019,Standard 1
800002340,0095 007,Royal Adah Arms,"Thelma Arms, Inc.",Non-Profit,1240 FILLMORE ST,,SAN FRANCISCO,CA,94115,San Francisco,142,141,CA39M000260,"S8 Loan Mgmt, Active",142,8/31/2035,8/31/2021,,,,,,,,,,,,,,,,,2035,90,1.1,16429,384,1219,13,99,9,98,100% 1BR,86,,,8/27/2018,Standard 2
800002377,3751 169,San Lorenzo Ruiz Center,"SAN LORENZO RUIZ CENTER, INC.",Non-Profit,50 RIZAL ST,,SAN FRANCISCO,CA,94107,San Francisco,145,167,CA390582201,"Sec. 202, Active",145,1/31/2022,1/31/2022,,,,,,,,,,,,,,,,,2022,94,1.2,16869,400,853,13,98,2,99,100% 1BR,79,,,8/28/2018,Standard 3
800002410,,HERALD HOTEL,"Herald Apartments, L.P.",Profit Motivated,308 EDDY ST,,SAN FRANCISCO,CA,94102,San Francisco,72,88,CA39A002001,"Other S8 Rehab, Active",72,6/30/2029,6/30/2021,,,,,,,,,,,,,,,,,2029,100,1.2,14767,353,2533,12,97,3,97,100% 1BR,90,,,9/28/2018,Standard 1
800002433,4713 007,Shoreview Apartments,"Shoreview Preservation, L.P.",Profit Motivated,35 LILLIAN CT,,SAN FRANCISCO,CA,94124,San Francisco,156,309,CA390015002,"Other S8 New, Active",156,4/30/2026,4/30/2021,,,,,,,,,,,,,,,,,2026,94,2.2,25131,595,2440,18,80,10,24,"15% 1BR, 62% 2BR, 23% 3BR",84,,,12/18/2018,Standard 2
800002445,3752 107,Silvercrest Residence- San Francisco,"The Salvation Army San Francisco Silvercrest, LP",Limited Dividend,133 SHIPLEY ST,,SAN FRANCISCO,CA,94107,San Francisco,103,144,CA39M000196,"S8 Loan Mgmt, Active",103,8/31/2025,8/31/2021,,,,,,,,,,,,,,,,,2025,98,1.4,14493,350,2597,11,100,29,100,100% 1BR,63,,,8/19/2019,Standard 3
800002547,3642 075,Progress Apartments,"PROGRESS APARTMENTS, INC.",Non-Profit,1272 S Van Ness Ave,,San Francisco,CA,94110,San Francisco,11,11,CA39T881017,"Sec. 202, Active",11,7/31/2032,7/31/2021,,,,,,,,,,,,,,,,,2032,100,1,14272,347,1034,12,100,100,55,100% 1BR,84,,,10/26/2018,Standard 2
800002550,0672 017,Sutter Apartments,"Sutter Gough, LP",Profit Motivated,1480 SUTTER ST,,SAN FRANCISCO,CA,94109,San Francisco,67,84,CA390016001,"Other S8 New, Active",67,1/31/2036,1/31/2022,,,,,,,,,,,,,,,,,2036,99,1.3,12869,303,2704,10,99,19,97,100% 1BR,83,,,11/14/2018,Standard 2
800002603,6169 015,Thomas Paine Square,Thomas Paine Square LLC,Non-Profit,1086 Golden Gate Ave.  #G,,SAN FRANCISCO,CA,94115,San Francisco,93,175,CA39M000226,"S8 Loan Mgmt, Active",93,12/31/2039,12/31/2021,,,,,,,,,,,,,,,,,2039,93,2,28431,664,3574,20,78,15,42,"40% 1BR, 26% 2BR, 34% 3BR",92,,,6/19/2019,Standard 1
800002639,4710 052,"Unity, Peace & Freedom",UNITY HOMES INC.,Non-Profit,220 CASHMERE ST,,SAN FRANCISCO,CA,94124,San Francisco,88,118,CA39M000160,"S8 Loan Mgmt, Active",88,8/31/2034,8/31/2021,,,,,,,,,,,,,,,,,2034,84,1.6,24380,580,3040,18,82,19,46,"35% 1BR, 28% 2BR, 36% 3BR",72,,,7/9/2019,Standard 3
800002744,,Vincentian Villa,"Texas 5 Portfoloio, LP",Profit Motivated,1825 Mission St,,San Francisco,CA,94103,San Francisco,72,80,CA39M000168,"S8 Loan Mgmt, Active",72,2/28/2034,2/28/2022,,,,,,,,,,,,,,,,,2034,98,1.1,12179,294,1980,10,100,3,100,100% 1BR,93,,,12/3/2018,Standard 1
800002750,7535 100,VISTA DEL MONTE,"Vista del Monte Housing, LP",Profit Motivated,49 GOLDMINE DR,,SAN FRANCISCO,CA,94131,San Francisco,94,212,CA39M000383,"S8 Loan Mgmt, Active",94,4/30/2021,4/30/2021,,,,,,,,,,,,,,,,,2021,96,2.3,33900,813,3823,23,68,8,39,"23% 1BR, 19% 2BR, 58% 3BR",89,,,8/20/2019,Standard 2
800002792,0735 030,Western Park Apartments,Western Park Apartments L.P.,Profit Motivated,1280 LAGUNA ST,,SAN FRANCISCO,CA,94115,San Francisco,114,140,CA39M000262,"S8 Loan Mgmt, Active",114,12/31/2034,12/31/2021,,,,,,,,,,,,,,,,,2034,100,1.2,18741,426,2227,15,93,15,99,"95% 1BR, 5% 2BR",76,,,9/12/2019,Standard 3
800002811,0038 001A,Wharf Plaza I,"Wharf Plaza I, A Limited Partnership",Profit Motivated,150 FRANCISCO ST,,SAN FRANCISCO,CA,94133,San Francisco,116,161,CA390045007,"Other S8 Rehab, Active",116,12/31/2027,12/31/2021,,,,,,,,,,,,,,,,,2027,99,1.4,15262,365,2514,12,97,14,92,100% 1BR,98,,,6/8/2017,Standard 1
800002812,,Wharf Plaza II,"WHARF PLAZA II, A LIMITED PARTNERSHIP",Profit Motivated,155 FRANCISCO STREET,,SAN FRANCISCO,CA,94133,San Francisco,114,168,CA390045008,"Other S8 New, Active",114,6/30/2027,6/30/2021,,,,,,,,,,,,,,,,,2027,98,1.5,16254,391,2502,13,96,20,88,"84% 1BR, 16% 2BR",80,,,2/2/2016,Standard 2
800002872,,"YWCA APARTMENTS, INC.","YWCA Apartments, Inc.",Non-Profit,940 POWELL ST,,SAN FRANCISCO,CA,94108,San Francisco,97,120,CA392355201,"Sec. 202, Active",97,12/31/2030,12/31/2021,,,,,,,,,,,,,,,,,2030,99,1.2,13435,319,1497,11,98,4,98,100% 1BR,89,,,5/31/2019,Standard 2
800002893,3567 056,Notre Dame Plaza,Notre Dame Senior Housing Inc.,Non-Profit,347 DOLORES ST,,SAN FRANCISCO,CA,94110,San Francisco,65,82,CA39S931014,"PRAC 202/811, Active",65,7/31/2021,7/31/2021,,,,,,,,,,,,,,,,,2021,100,1.3,14752,346,577,12,100,30,100,100% 1BR,90,,,5/22/2019,Standard 1
800002896,3577 005,Alcantara Court,"Mission Housing Development Property IV, Inc.",Non-Profit,670 VALENCIA STREET,,SAN FRANCISCO,CA,94103,San Francisco,49,69,CA39S931005,"PRAC 202/811, Active",49,5/31/2021,5/31/2021,,,,,,,,,,,,,,,,,2021,99,1.4,15630,379,382,12,98,0,100,100% 1BR,85,,,2/28/2018,Standard 2
800075800,0195 019,International Hotel Sr Housing,International Hotel Senior Housing,Non-Profit,848 Kearny St,,San Francisco,CA,94108,San Francisco,104,140,CA39S941011,"PRAC 202/811, Active",104,9/30/2025,9/30/2025,,,,,,,,,,,,,,,,,2025,93,1.4,14871,360,703,12,100,5,100,100% 1BR,83,,,12/7/2017,Standard 2
800075807,0332 001,Presentation Senior Housing,"Presentation Senior Community, Inc.",Non-Profit,301 ELLIS STREET,,SAN FRANCISCO,CA,94102,San Francisco,92,122,CA39S951001,"PRAC 202/811, Active",92,9/30/2021,9/30/2021,,,,,,,,,,,,,,,,,2021,100,1.3,14072,339,859,11,100,16,100,100% 1BR,90,,,8/10/2017,Standard 1
800075809,,Bayview Senior Housing,"BAYVIEW SENIOR HOUSING, INC.",Non-Profit,5545 THIRD STREET,,SAN FRANCISCO,CA,94124,San Francisco,53,73,CA39S951003,"PRAC 202/811, Active",53,5/31/2021,5/31/2021,,,,,,,,,,,,,,,,,2021,97,1.4,15344,371,564,12,100,3,100,100% 1BR,91,,,9/2/2015,Standard 1
800075835,6221 004,John W. King Senior Community,John King Senior,Non-Profit,500 RAYMOND STREET,,SAN FRANCISCO,CA,94134,San Francisco,90,119,CA39S961012,"PRAC 202/811, Active",90,3/31/2021,3/31/2021,,,,,,,,,,,,,,,,,2021,100,1.3,13780,333,667,11,100,0,100,100% 1BR,97,,,7/24/2017,Standard 1
800076076,0795 024,Autumn Glow Alzheimer's Residential,Autumn Glow Alzheimers Care Home Inc.,Non-Profit,654 GROVE STREET,,SAN FRANCISCO,CA,94102,San Francisco,15,14,CA39Q951003,"PRAC 202/811, Active",15,1/31/2022,1/31/2022,,,,,,,,,,,,,,,,,2022,99,1,20116,493,419,17,86,0,100,100% 1BR,88,,,5/5/2016,Standard 2
800079073,,Market Heights Apartments,"Market Heights 2, LP",Non-Profit,1000 Tompkins Ave,,San Francisco,CA,94110,San Francisco,22,53,CAPF0019401,"Pension Fund, Active",22,7/31/2038,7/31/2021,,,,,,,,,,,,,,,,,2038,99,2.4,32513,802,3349,22,77,6,32,"14% 1BR, 36% 2BR, 50% 3BR",91,,,5/6/2016,Standard 1
800112261,3733 159,Eugene Coleman Com. House,TODCO/YBC 5,Non-Profit,328 Tehama St,,San Francisco,CA,94103,San Francisco,85,125,CA39S981014,"PRAC 202/811, Active",85,8/31/2021,8/31/2021,,,,,,,,,,,,,,,,,2021,98,1.4,14898,360,647,12,100,0,99,100% 1BR,98,,,8/25/2017,Standard 1
800112463,1596 043,La Playa,"La Playa Apartments, Inc.",Non-Profit,770 La Playa Street,,San Francisco,CA,94125,San Francisco,13,26,CA39Q981002,"PRAC 202/811, Active",13,12/31/2021,12/31/2021,,,,,,,,,,,,,,,,,2021,100,2,21464,522,463,16,92,50,46,100% 2BR,79,,,7/10/2019,Standard 3
800212134,0324 025,CECIL WILLIAMS GLIDE,"GLIDE COMMUNITY HOUSING, INC.",Non-Profit,333 TAYLOR STREET,,SAN FRANCISCO,CA,94102,San Francisco,29,53,CAPF0059401,"Pension Fund, Active",29,8/31/2032,8/31/2021,,,,,,,,,,,,,,,,,2032,91,2,17638,427,3628,12,96,23,42,"46% 1BR, 27% 2BR, 27% 3BR",92,,,12/5/2018,Standard 1
800212157,,Britton Courts,"Mercy Housing California 74, LP",Profit Motivated,1250 Sunnydale Ave,,San Francisco,CA,94134,San Francisco,46,120,CA39E000014,"S8 Prop. Disp., Active",46,3/31/2036,3/31/2021,,,,,,,,,,,,,,,,,2036,97,2.6,24447,582,2600,17,89,11,45,"66% 2BR, 34% 3BR",84,,,6/17/2019,Standard 2
800215319,6463 083,Crocker Amazon Senior Apartments,"5199 Mission Street Senior Housing, Inc.",Non-Profit,5199 Mission Street,,SAN FRANCISCO,CA,94112,San Francisco,36,42,CA39S011011,"PRAC 202/811, Active",36,4/30/2021,4/30/2021,,,,,,,,,,,,,,,,,2021,94,1.3,13322,323,638,11,100,2,100,100% 1BR,92,,,7/12/2017,Standard 1
800219703,,Providence Senior Housing,Providence Senior Housing Corporation,Non-Profit,4699 Third St,,San Francisco,CA,94124,San Francisco,49,67,CA39S031001,"PRAC 202/811, Active",49,7/31/2021,7/31/2021,,,,,,,,,,,,,,,,,2021,100,1.3,13589,328,879,11,100,9,100,100% 1BR,95,,,7/13/2017,Standard 1
800219711,1234 048,Buena Vista Terrace,Haight Street Senior Housing Inc.,Non-Profit,1250 Haight Street,,San Francisco,CA,94117,San Francisco,39,56,CA39S031002,"PRAC 202/811, Active",39,7/31/2021,7/31/2021,,,,,,,,,,,,,,,,,2021,99,1.4,14814,356,506,12,100,0,100,100% 1BR,88,,,10/4/2019,Standard 2
800222762,,Edith Witt Senior Community,Mercy Housing California XXXIV,Profit Motivated,66 9th Street,,San Francisco,CA,94103,San Francisco,95,128,CA39S051010,"PRAC 202/811, Active",95,6/30/2021,6/30/2021,,,,,,,,,,,,,,,,,2021,99,1.3,14295,343,868,11,98,2,100,100% 1BR,89,,,8/21/2018,Standard 2
800223991,0839 029,Octavia Court,"Octavia Court, Inc.",Non-Profit,261 Octavia St,,San Francisco,CA,94102,San Francisco,14,26,CA39Q061002,"PRAC 202/811, Active",14,12/31/2021,12/31/2021,,,,,,,,,,,,,,,,,2021,100,1.9,23503,570,789,17,86,58,7,"86% 1BR, 14% 2BR",90,,,9/4/2018,Standard 1
800224089,,Armstrong Place Senior Housing,Armstrong Place Associates,Limited Dividend,5600 Third Street,,San Francisco,CA,94124,San Francisco,71,97,CA39S061006,"PRAC 202/811, Active",71,8/31/2021,8/31/2021,,,,,,,,,,,,,,,,,2021,99,1.4,15199,366,512,12,99,1,100,100% 1BR,90,,,9/20/2019,Standard 1
800224483,5501 079,Bernal Gateway Apartments,Bernal Gateway Housing Associates,Profit Motivated,3101 Mission St,,San Francisco,CA,94110,San Francisco,18,42,CAPF0019511,"Pension Fund, Active",18,7/31/2038,7/31/2021,,,,,,,,,,,,,,,,,2038,93,2.5,26652,658,3673,18,82,5,29,"18% 1BR, 59% 2BR, 24% 3BR",88,,,9/4/2018,Standard 2
800224595,,HERITAGE HOMES,VISITACION VALLEY FAMILY HOUSING ASSOCIATES,Limited Dividend,243 Rey St,,San Francisco,CA,94134,San Francisco,33,84,CAPF0019510,"Pension Fund, Active",33,12/31/2035,12/31/2021,,,,,,,,,,,,,,,,,2035,97,2.5,31022,728,2662,21,85,12,30,"24% 1BR, 27% 2BR, 48% 3BR",81,,,5/20/2019,Standard 2
800224930,6620 012,St. Peter's Place,"St. Peter's Supportive Housing, Inc",Non-Profit,420-430 29th Avenue,,San Francisco,CA,94118,San Francisco,19,23,CA39Q071001,"PRAC 202/811, Expired",19,2/28/2021,2/28/2021,,,,,,,,,,,,,,,,,Insufficient Data,100,1.2,15560,380,664,12,100,83,37,"95% 1BR, 5% 2BR",89,,,5/2/2019,Standard 2
800232560,0349 021,Vera Haile Sr. Housing,"Mercy Housing California 50, A California LP",Profit Motivated,121 Golden Gate Avenue,,San Francisco,CA,94102,San Francisco,86,125,CA39S091002,"PRAC 202/811, Active",86,12/31/2021,12/31/2021,,,,,,,,,,,,,,,,,2021,98,1.5,16161,388,756,12,99,1,99,100% 1BR,88,,,8/20/2018,Standard 2
800235436,0757 027,Willie B. Kennedy Apartments,Rosa Parks II LP,Profit Motivated,1239 Turk St,,San Francisco,CA,94115,San Francisco,97,144,CA39S101002,"PRAC 202/811, Active",97,7/31/2021,7/31/2021,,,,,,,,,,,,,,,,,2021,98,1.5,15650,376,689,12,100,8,100,100% 1BR,87,,,5/29/2019,Standard 2
800235523,,Arc Mercy Community,"Mercy Housing California 57, LP",Profit Motivated,1500 Page Street,,San Francisco,CA,94117,San Francisco,15,17,CA39Q101005,"PRAC 202/811, Active",15,12/31/2021,12/31/2021,,,,,,,,,,,,,,,,,2021,99,1.1,21343,513,449,18,87,88,7,100% 1BR,86,,,5/22/2019,Standard 2
800235702,3733 171,Woolf House,Woolf House Partners LP,Profit Motivated,801 Howard street,,San Francisco,CA,94103,San Francisco,182,265,CA39H113085,"S8 State Agency, Active",182,12/31/2031,12/31/2021,,,,,,,,,,,,,,,,,2031,98,1.5,16770,402,2715,13,97,2,99,100% 1BR,83,,,1/5/2018,Standard 2
,,,,,,,,,,,,,,,,,,,,,,,,,,,,,,,,,,,,,,,,,,,,,,,,,
"Location: San Francisco (County, 2010)",,,,,,,,,,,,,,,,,,,,,,,,,,,,,,,,,,,,,,,,,,,,,,,,,
,,,,,,,,,,,,,,,,,,,,,,,,,,,,,,,,,,,,,,,,,,,,,,,,,
Point source: HUD REAC,,,,,,,,,,,,,,,,,,,,,,,,,,,,,,,,,,,,,,,,,,,,,,,,,
Point source: HUDs Picture of Subsidized Households,,,,,,,,,,,,,,,,,,,,,,,,,,,,,,,,,,,,,,,,,,,,,,,,,
Point source: HUD MF Contracts,,,,,,,,,,,,,,,,,,,,,,,,,,,,,,,,,,,,,,,,,,,,,,,,,
,,,,,,,,,,,,,,,,,,,,,,,,,,,,,,,,,,,,,,,,,,,,,,,,,
,,,,,,,,,,,,,,,,,,,,,,,,,,,,,,,,,,,,,,,,,,,,,,,,,
,,,,,,,,,,,,,,,,,,,,,,,,,,,,,,,,,,,,,,,,,,,,,,,,,
"When using PolicyMap data in your work, please consult the Terms of Use and the instructions for Citing Us:",,,,,,,,,,,,,,,,,,,,,,,,,,,,,,,,,,,,,,,,,,,,,,,,,
https://www.policymap.com/terms/,,,,,,,,,,,,,,,,,,,,,,,,,,,,,,,,,,,,,,,,,,,,,,,,,
https://www.policymap.com/citing/,,,,,,,,,,,,,,,,,,,,,,,,,,,,,,,,,,,,,,,,,,,,,,,,,
